{
    "ROM": {
        "c016cc964ec0435fbbb3741d14fde1f15": {
            "ua016e9a76ed16090db0f25efbefdb6ad": {
                "msg.id": [
                    "8364939420390",
                    "8364943147787",
                    "8364957950124",
                    "8364958676473"
                ],
                "waktu": [
                    1533315929535,
                    1533316027459,
                    1533316428141,
                    1533316448400
                ]
            }
        },
        "c0d58d255871612d4d4632ef30f1e7e61": {
            "u4c2698c9dcd1a11088f67078526a94ab": {
                "msg.id": [
                    "8848180531935",
                    "8848402400652",
                    "8848402881321",
                    "8848886821737",
                    "8855214951022",
                    "8856058918279",
                    "8856092198563",
                    "8866901963987",
                    "8866902112405",
                    "8866902267215",
                    "8867376517473",
                    "8867376866745",
                    "8870928822229"
                ],
                "waktu": [
                    1541937998924,
                    1541940660852,
                    1541940666354,
                    1541946391708,
                    1542074732480,
                    1542088737939,
                    1542089299945,
                    1542280804057,
                    1542280805943,
                    1542280807833,
                    1542286371267,
                    1542286375041,
                    1542356208218
                ]
            },
            "u4e363241ff5fdaf1bd4f8c782f486d8d": {
                "msg.id": [
                    "8847473890817",
                    "8848191579576"
                ],
                "waktu": [
                    1541928092641,
                    1541938134533
                ]
            },
            "ub2ab57828d38f92197054880fa7c0d3f": {
                "msg.id": [
                    "8846208126555",
                    "8846210283987",
                    "8846807281495",
                    "8848174743841",
                    "8848189743650",
                    "8848402980478",
                    "8848403108760",
                    "8848886861698",
                    "8855214974517",
                    "8856058955275",
                    "8856094286996",
                    "8857790707588",
                    "8866902373488",
                    "8866902489023",
                    "8866902603779",
                    "8867377700733",
                    "8867378043296",
                    "8870928888048",
                    "8871420746961",
                    "8871484507889",
                    "8871485661943"
                ],
                "waktu": [
                    1541906624167,
                    1541906661374,
                    1541917038235,
                    1541937928185,
                    1541938111851,
                    1541940667554,
                    1541940669124,
                    1541946392284,
                    1542074732953,
                    1542088738511,
                    1542089335281,
                    1542112612594,
                    1542280809232,
                    1542280810605,
                    1542280812045,
                    1542286384427,
                    1542286388159,
                    1542356209117,
                    1542362230763,
                    1542363008208,
                    1542363022517
                ]
            }
        },
        "c0dbfa043f549deb1894d68a300b73133": {
            "u5c23f970e0a27056b8a0c7bfc898455f": {
                "msg.id": [
                    "8843953975415",
                    "8844000983977",
                    "8847429449520",
                    "8871345493534"
                ],
                "waktu": [
                    1541854604631,
                    1541855169323,
                    1541927405802,
                    1542361328126
                ]
            },
            "ub2ab57828d38f92197054880fa7c0d3f": {
                "msg.id": [
                    "8806522441072",
                    "8806523009862",
                    "8819043125874",
                    "8819244613937",
                    "8843931260588",
                    "8843992263672",
                    "8843992668854",
                    "8856579128225",
                    "8857022448824",
                    "8862077061056",
                    "8862559918194",
                    "8862560807502",
                    "8867155327427"
                ],
                "waktu": [
                    1541164518148,
                    1541164524342,
                    1541408953376,
                    1541411538431,
                    1541854329043,
                    1541855065290,
                    1541855070219,
                    1542097147774,
                    1542103084907,
                    1542193483012,
                    1542199263036,
                    1542199273113,
                    1542283842199
                ]
            }
        },
        "c110e9cebaeb02bb1f8aaa6c50f5c7cf4": {
            "uc577d0ed6427e83db748194cebd44b98": {
                "msg.id": [
                    "8871116538082"
                ],
                "waktu": [
                    1542358677678
                ]
            }
        },
        "c21fba2019ab404ae7c906c193d584c4a": {
            "ub2ab57828d38f92197054880fa7c0d3f": {
                "msg.id": [
                    "8862307631112"
                ],
                "waktu": [
                    1542196332047
                ]
            }
        },
        "c23f7c7824aa2df6aaa1fcd19bff7b3b2": {
            "ub2ab57828d38f92197054880fa7c0d3f": {
                "msg.id": [
                    "8856586876961"
                ],
                "waktu": [
                    1542097259053
                ]
            },
            "ub54f7cb6aa303ebe48898dfb16b5489e": {
                "msg.id": [
                    "8856661835725",
                    "8857276730998"
                ],
                "waktu": [
                    1542098319836,
                    1542106418978
                ]
            },
            "ub73add047593a8bc8ef40e4d96597a63": {
                "msg.id": [
                    "8857202780301",
                    "8857204167057",
                    "8857204595891"
                ],
                "waktu": [
                    1542105446151,
                    1542105464264,
                    1542105470014
                ]
            }
        },
        "c2a4896aba70c053c6737a99b6e172fb6": {
            "ub2ab57828d38f92197054880fa7c0d3f": {
                "msg.id": [
                    "8809160717275",
                    "8809161792044",
                    "8849269615951",
                    "8867407126405",
                    "8870626307633"
                ],
                "waktu": [
                    1541222315634,
                    1541222333977,
                    1541952321328,
                    1542286710822,
                    1542351666680
                ]
            }
        },
        "c2a8aec54e9446857d20ef0b367507baf": {
            "u0f70a20790d17eda1aaa23e8f5fd57e2": {
                "msg.id": [
                    "8856989523869",
                    "8868100009919",
                    "8868248532120"
                ],
                "waktu": [
                    1542102659264,
                    1542294915810,
                    1542297462063
                ]
            },
            "u435b8f65abed2ef88304b2dece010543": {
                "msg.id": [
                    "8856181763782"
                ],
                "waktu": [
                    1542090846617
                ]
            },
            "u5cde6b4d5958ba81408bb26badce7b07": {
                "msg.id": [
                    "8803824034185",
                    "8804325029107",
                    "8806151151645",
                    "8806233513443",
                    "8806384477908",
                    "8815523501084",
                    "8819819272326"
                ],
                "waktu": [
                    1541126914391,
                    1541134725420,
                    1541160303363,
                    1541161264890,
                    1541162980461,
                    1541337310145,
                    1541418721600
                ]
            },
            "ub2ab57828d38f92197054880fa7c0d3f": {
                "msg.id": [
                    "8856989585631",
                    "8868100091868",
                    "8868248586871",
                    "8870861769428",
                    "8870878135967"
                ],
                "waktu": [
                    1542102660094,
                    1542294916858,
                    1542297463097,
                    1542355252608,
                    1542355488619
                ]
            },
            "ufc2887b22d42cafd56b3ae4d50493286": {
                "msg.id": [
                    "8808869528308",
                    "8843218715288",
                    "8843268232431"
                ],
                "waktu": [
                    1541217502669,
                    1541844790969,
                    1541845515481
                ]
            }
        },
        "c52334af53dae433b69c3315577bbba0d": {
            "u4c2698c9dcd1a11088f67078526a94ab": {
                "msg.id": [
                    "8847130476388"
                ],
                "waktu": [
                    1541922640803
                ]
            },
            "ub2ab57828d38f92197054880fa7c0d3f": {
                "msg.id": [
                    "8847137278148"
                ],
                "waktu": [
                    1541922754745
                ]
            }
        },
        "c537bbb75b7e7ed38579ce6e09b9f1553": {
            "u0917287e6726d981c0cefd6f4c18f118": {
                "msg.id": [
                    "8809643882957",
                    "8809794040937",
                    "8809872881932",
                    "8809954580326",
                    "8810036970025",
                    "8813121023694",
                    "8814326656405",
                    "8819204333888",
                    "8819250681134",
                    "8819392598959",
                    "8867782151583"
                ],
                "waktu": [
                    1541230563493,
                    1541232988833,
                    1541234199927,
                    1541235436056,
                    1541236662375,
                    1541300031764,
                    1541320956833,
                    1541411026021,
                    1541411615437,
                    1541413431640,
                    1542290866028
                ]
            },
            "u4f738fffa6cdf2d665620c6ae192e012": {
                "msg.id": [
                    "8844747855689",
                    "8846826945461",
                    "8866762617877",
                    "8866771636956",
                    "8866782244051"
                ],
                "waktu": [
                    1541865193184,
                    1541917384908,
                    1542279036594,
                    1542279152357,
                    1542279287668
                ]
            },
            "u973bf4505f956655d42c6db1a77d7e5c": {
                "msg.id": [
                    "8861449121369"
                ],
                "waktu": [
                    1542185240539
                ]
            },
            "u9d39fbd4008030513d9b74a5b31ae599": {
                "msg.id": [
                    "8819755146087"
                ],
                "waktu": [
                    1541417963411
                ]
            },
            "ub2ab57828d38f92197054880fa7c0d3f": {
                "msg.id": [
                    "8861673110082"
                ],
                "waktu": [
                    1542188220874
                ]
            }
        },
        "c63076d60818adaace78e399d8b2bcfdc": {
            "u2a4cd3cd21a0a9cf98ce301e83807fb6": {
                "msg.id": [
                    "8403707874955"
                ],
                "waktu": [
                    1533992591084
                ]
            }
        },
        "c665ed0d00631dc3512279afa2c617b83": {
            "u65facaf1341d3d69e80793d069fecca5": {
                "msg.id": [
                    "8843330858057"
                ],
                "waktu": [
                    1541846430832
                ]
            },
            "ub2ab57828d38f92197054880fa7c0d3f": {
                "msg.id": [
                    "8843896191714",
                    "8843901425458",
                    "8845767486172"
                ],
                "waktu": [
                    1541853903833,
                    1541853967703,
                    1541898348333
                ]
            }
        },
        "c6b7869b8b718534087298cdf32e0d8b3": {
            "u8f887f6c6a14f2a57b4ce67f1eca8e4f": {
                "msg.id": [
                    "8809521607101",
                    "8809522940101",
                    "8809528293686",
                    "8809534304999",
                    "8809800368269",
                    "8809800984691"
                ],
                "waktu": [
                    1541228502718,
                    1541228525309,
                    1541228616046,
                    1541228717934,
                    1541233087079,
                    1541233096562
                ]
            }
        },
        "c760783cc57cd20158cc4ca6bf3ec0aa0": {
            "ub2ab57828d38f92197054880fa7c0d3f": {
                "msg.id": [
                    "8809416109719"
                ],
                "waktu": [
                    1541226688548
                ]
            }
        },
        "c76edd41089d8327161d53b9d960fbae0": {
            "u54308ff7f6d83ba0e979608d678b07e4": {
                "msg.id": [
                    "8861840472034"
                ],
                "waktu": [
                    1542190397659
                ]
            },
            "u973bf4505f956655d42c6db1a77d7e5c": {
                "msg.id": [
                    "8861457802829"
                ],
                "waktu": [
                    1542185360552
                ]
            }
        },
        "c78e56198397cb023cb74a21a12beeb76": {
            "u5cde6b4d5958ba81408bb26badce7b07": {
                "msg.id": [
                    "8813065605522",
                    "8813482502082",
                    "8813671920214",
                    "8813820708462",
                    "8814497261414",
                    "8814628995522",
                    "8814702646225",
                    "8814741440702",
                    "8814933596080",
                    "8815266221680",
                    "8815292846586",
                    "8819793379578",
                    "8819882686475",
                    "8820000008575"
                ],
                "waktu": [
                    1541299021137,
                    1541306317499,
                    1541309669441,
                    1541312315637,
                    1541323629785,
                    1541325661493,
                    1541326779534,
                    1541327361919,
                    1541330111155,
                    1541334318592,
                    1541334635748,
                    1541418418533,
                    1541419449167,
                    1541420781826
                ]
            },
            "u5d788b7b7013323f1c46ac1210f87c33": {
                "msg.id": [
                    "8819793455586",
                    "8819882762026",
                    "8854373083081"
                ],
                "waktu": [
                    1541418419285,
                    1541419449975,
                    1542050722946
                ]
            },
            "u8f887f6c6a14f2a57b4ce67f1eca8e4f": {
                "msg.id": [
                    "8809517257936"
                ],
                "waktu": [
                    1541228429249
                ]
            },
            "ub2ab57828d38f92197054880fa7c0d3f": {
                "msg.id": [
                    "8806246664856",
                    "8806447434325",
                    "8806481520654",
                    "8807176790896",
                    "8807188193612",
                    "8808398460763",
                    "8812891390959",
                    "8813482519254",
                    "8813671926035",
                    "8814629029685",
                    "8814702668199",
                    "8814933630783",
                    "8815266236764",
                    "8815292883869",
                    "8819793420221",
                    "8819887938612",
                    "8819976128091",
                    "8819978754185",
                    "8819982930545",
                    "8819986345972",
                    "8820037970515",
                    "8843945637550",
                    "8843948648758",
                    "8844329222574",
                    "8844595113389",
                    "8847105496756",
                    "8847119105415",
                    "8848330070444",
                    "8848337914089",
                    "8848358395077",
                    "8848359324501",
                    "8848394562886",
                    "8861583911390"
                ],
                "waktu": [
                    1541161416053,
                    1541163681893,
                    1541164060227,
                    1541172660784,
                    1541172848070,
                    1541209489417,
                    1541295674278,
                    1541306317806,
                    1541309669689,
                    1541325661930,
                    1541326779973,
                    1541330111474,
                    1541334318867,
                    1541334636067,
                    1541418418857,
                    1541419509698,
                    1541420512732,
                    1541420542640,
                    1541420589389,
                    1541420627865,
                    1541421204317,
                    1541854504168,
                    1541854540295,
                    1541859171824,
                    1541862715945,
                    1541922220528,
                    1541922449431,
                    1541939808602,
                    1541939901684,
                    1541940144750,
                    1541940155724,
                    1541940569115,
                    1542187051923
                ]
            }
        },
        "c81bf745b5ace9489a5ed2382065ab9d5": {
            "ub2ab57828d38f92197054880fa7c0d3f": {
                "msg.id": [
                    "8847243456839",
                    "8847936234413",
                    "8847937226322",
                    "8847940638882",
                    "8848182947848",
                    "8857655938945",
                    "8857965788846",
                    "8861275650329",
                    "8861302526292",
                    "8861350031197",
                    "8867026396919",
                    "8870038144972",
                    "8871524679911"
                ],
                "waktu": [
                    1541924488093,
                    1541934873445,
                    1541934886992,
                    1541934932474,
                    1541938028650,
                    1542111069451,
                    1542114550478,
                    1542182757233,
                    1542183152789,
                    1542183841390,
                    1542282321300,
                    1542342247135,
                    1542363505952
                ]
            },
            "ud0c1204db8ed623e1fc7728c43582403": {
                "msg.id": [
                    "8871450528934"
                ],
                "waktu": [
                    1542362590829
                ]
            }
        },
        "c8237bc547464f993aa742de5e0482ea0": {
            "u61e31d49ba0c3bae3c2607e324e8df28": {
                "msg.id": [
                    "8404018426165",
                    "8404055050858",
                    "8404056915632",
                    "8404059722892",
                    "8404065262851",
                    "8404073067165"
                ],
                "waktu": [
                    1533996197826,
                    1533996625556,
                    1533996647304,
                    1533996680191,
                    1533996745287,
                    1533996836806
                ]
            },
            "uc6c690778a48af14b7b3cf1b0f3ed60e": {
                "msg.id": [
                    "8404017616205",
                    "8404037319678",
                    "8404044041459",
                    "8404049144272",
                    "8404055060073",
                    "8404064304758"
                ],
                "waktu": [
                    1533996188392,
                    1533996417996,
                    1533996497042,
                    1533996556853,
                    1533996625623,
                    1533996733966
                ]
            },
            "uca69f1c655416e008f6be136578ebf8f": {
                "msg.id": [
                    "8404044941104",
                    "8404056358390",
                    "8404063702056",
                    "8404069199673",
                    "8404075447356"
                ],
                "waktu": [
                    1533996507762,
                    1533996640818,
                    1533996726970,
                    1533996791473,
                    1533996864856
                ]
            }
        },
        "c857755332226b68e8b845938aef91dc0": {
            "u07a77aec3eb4c3447413264628f9d943": {
                "msg.id": [
                    "8815486324085"
                ],
                "waktu": [
                    1541336881951
                ]
            },
            "u08f4278bd891f6e546af06a61911faff": {
                "msg.id": [
                    "8815491996939"
                ],
                "waktu": [
                    1541336947192
                ]
            },
            "u5c23f970e0a27056b8a0c7bfc898455f": {
                "msg.id": [
                    "8815487005853"
                ],
                "waktu": [
                    1541336889779
                ]
            },
            "u85052b69a31173326ffb33e7510fc603": {
                "msg.id": [
                    "8815486967122"
                ],
                "waktu": [
                    1541336889411
                ]
            },
            "ubb5ba0125f79a97e1f364674171d22bc": {
                "msg.id": [
                    "8815486841882"
                ],
                "waktu": [
                    1541336887773
                ]
            },
            "uc4d7f5d09c8f4a29870348358f754eac": {
                "msg.id": [
                    "8815491611107"
                ],
                "waktu": [
                    1541336942876
                ]
            }
        },
        "c90577b8b5ebcb51cebdb02e17eaeffee": {
            "u5d788b7b7013323f1c46ac1210f87c33": {
                "msg.id": [
                    "8869842184815"
                ],
                "waktu": [
                    1542339452512
                ]
            },
            "ub2ab57828d38f92197054880fa7c0d3f": {
                "msg.id": [
                    "8869841752225",
                    "8869842161314",
                    "8871506063987",
                    "8871506874465"
                ],
                "waktu": [
                    1542339446562,
                    1542339451994,
                    1542363274032,
                    1542363283930
                ]
            },
            "ud986607e19d1b3413571facb6c3ac24a": {
                "msg.id": [
                    "8871505964977",
                    "8871565757073"
                ],
                "waktu": [
                    1542363272794,
                    1542364024873
                ]
            }
        },
        "c976e82f7cd9a4891a32204ef5983dad3": {
            "u17c561f89c2348feb82a0a880d0a78ed": {
                "msg.id": [
                    "8855693861056",
                    "8857168962051",
                    "8857577683139",
                    "8857582315403",
                    "8857589052580",
                    "8857590165471"
                ],
                "waktu": [
                    1542082458463,
                    1542105003358,
                    1542110152567,
                    1542110207387,
                    1542110287049,
                    1542110300091
                ]
            },
            "ub2ab57828d38f92197054880fa7c0d3f": {
                "msg.id": [
                    "8858869953468",
                    "8858874371160",
                    "8861198562462"
                ],
                "waktu": [
                    1542127700187,
                    1542127830330,
                    1542181568133
                ]
            }
        },
        "ca755ee6937098979cdd569440797450d": {
            "u207807a19d7bc55888b2350c340029f7": {
                "msg.id": [
                    "8803639908943"
                ],
                "waktu": [
                    1541123676927
                ]
            },
            "ub2ab57828d38f92197054880fa7c0d3f": {
                "msg.id": [
                    "8803571415869",
                    "8805319627009",
                    "8806116756664"
                ],
                "waktu": [
                    1541122407472,
                    1541150062107,
                    1541159904035
                ]
            }
        },
        "ca9c09d28d1595ab4c633f19be5ebed87": {
            "u649d645df25d17f715e2ad753fec62cc": {
                "msg.id": [
                    "8854955471803",
                    "8855774649174",
                    "8855903177825",
                    "8858160129016",
                    "8861665317281",
                    "8862200839355"
                ],
                "waktu": [
                    1542069648584,
                    1542083762201,
                    1542085984204,
                    1542116700833,
                    1542188118500,
                    1542195034783
                ]
            }
        },
        "cb09f06cc4b20eb970cf63982d769e035": {
            "u4e363241ff5fdaf1bd4f8c782f486d8d": {
                "msg.id": [
                    "8846187894798",
                    "8846207052113"
                ],
                "waktu": [
                    1541906276338,
                    1541906605629
                ]
            },
            "ub2ab57828d38f92197054880fa7c0d3f": {
                "msg.id": [
                    "8846183665838"
                ],
                "waktu": [
                    1541906204370
                ]
            }
        },
        "cb0ef4251043e72fab769d4f893c5c738": {
            "u5d788b7b7013323f1c46ac1210f87c33": {
                "msg.id": [
                    "8819415235075"
                ],
                "waktu": [
                    1541413720341
                ]
            },
            "u806f47bcd430e9094d3644a8b9b134b0": {
                "msg.id": [
                    "8815058162605"
                ],
                "waktu": [
                    1541331751297
                ]
            },
            "u8f887f6c6a14f2a57b4ce67f1eca8e4f": {
                "msg.id": [
                    "8809390830967",
                    "8809413748213",
                    "8809414455590",
                    "8815615485111"
                ],
                "waktu": [
                    1541226253586,
                    1541226647850,
                    1541226660135,
                    1541338364628
                ]
            },
            "u966b00a8aab258da501383c673b07546": {
                "msg.id": [
                    "8815058174111",
                    "8815059046606",
                    "8815477882638",
                    "8815615423402"
                ],
                "waktu": [
                    1541331751376,
                    1541331762434,
                    1541336784857,
                    1541338364073
                ]
            },
            "ub2ab57828d38f92197054880fa7c0d3f": {
                "msg.id": [
                    "8809191237681",
                    "8809824518526",
                    "8813189361269",
                    "8813195818084",
                    "8814957267089",
                    "8814960285772",
                    "8815536641084",
                    "8815592671023",
                    "8815630342709",
                    "8815633689666",
                    "8815636276364",
                    "8815661294249",
                    "8815732803367",
                    "8815829510182",
                    "8816194157482"
                ],
                "waktu": [
                    1541222835920,
                    1541233458411,
                    1541301237008,
                    1541301349718,
                    1541330428588,
                    1541330468644,
                    1541337461407,
                    1541338102535,
                    1541338537118,
                    1541338575452,
                    1541338605594,
                    1541338898338,
                    1541339747284,
                    1541340916061,
                    1541346157838
                ]
            },
            "uce51c701190dd9ab29672b8e8aefada2": {
                "msg.id": [
                    "8809395155555",
                    "8809413387315"
                ],
                "waktu": [
                    1541226327907,
                    1541226641682
                ]
            }
        },
        "cba7f48ff4aaf846af0189097eef5daad": {
            "u3a69176595789fac1792207c0affbd43": {
                "msg.id": [
                    "8892012360083"
                ],
                "waktu": [
                    1542742624601
                ]
            }
        },
        "cd1382717bd48319b0d02521df84dc220": {
            "ub2ab57828d38f92197054880fa7c0d3f": {
                "msg.id": [
                    "8813071660915"
                ],
                "waktu": [
                    1541299132994
                ]
            }
        },
        "cd881150ea24a885699ce996428bde371": {
            "u207807a19d7bc55888b2350c340029f7": {
                "msg.id": [
                    "8803698131384",
                    "8803699106335"
                ],
                "waktu": [
                    1541124715252,
                    1541124732505
                ]
            },
            "ua387e6bb93bd705d17bf1619751f2cc2": {
                "msg.id": [
                    "8812722400955",
                    "8818643804623",
                    "8818875364464"
                ],
                "waktu": [
                    1541292073753,
                    1541403280491,
                    1541406697521
                ]
            },
            "uad8018d56d6b43acbd813b670763d519": {
                "msg.id": [
                    "8809583219255"
                ],
                "waktu": [
                    1541229546073
                ]
            },
            "ub2ab57828d38f92197054880fa7c0d3f": {
                "msg.id": [
                    "8803648320724",
                    "8812842651631",
                    "8813028024280",
                    "8818639576292",
                    "8819119876091"
                ],
                "waktu": [
                    1541123830538,
                    1541294679690,
                    1541298320516,
                    1541403214868,
                    1541409945690
                ]
            }
        },
        "cdfdb044601bf917abc25bc2c224ff273": {
            "u368aa699477cbeba335bd88335478f4c": {
                "msg.id": [
                    "8861513627852"
                ],
                "waktu": [
                    1542186120408
                ]
            },
            "u4c2698c9dcd1a11088f67078526a94ab": {
                "msg.id": [
                    "8846840206840",
                    "8847215174923",
                    "8847218908387",
                    "8847683927774",
                    "8848148476554",
                    "8848319092800",
                    "8849019756351",
                    "8849143261866",
                    "8861499703103"
                ],
                "waktu": [
                    1541917619349,
                    1541924032249,
                    1541924092887,
                    1541931276107,
                    1541937606665,
                    1541939677986,
                    1541948143797,
                    1541949980715,
                    1542185932857
                ]
            },
            "u9964a73bb4a90dd5dee69673bcaaef02": {
                "msg.id": [
                    "8844567912231",
                    "8847108564904",
                    "8847213336931"
                ],
                "waktu": [
                    1541862323497,
                    1541922272165,
                    1541924002475
                ]
            },
            "ub2ab57828d38f92197054880fa7c0d3f": {
                "msg.id": [
                    "8810495692191",
                    "8843818527296",
                    "8843917090729",
                    "8843923335873",
                    "8843926033592",
                    "8843926447316",
                    "8843940621107",
                    "8843944432870",
                    "8843960573134",
                    "8844571416341",
                    "8844583888313",
                    "8844619787176",
                    "8857890675136",
                    "8857891212545",
                    "8857898202372",
                    "8857902995281",
                    "8857914534484",
                    "8857915202042",
                    "8857920094389",
                    "8857920744955",
                    "8858885086225",
                    "8861499720589",
                    "8871405954286"
                ],
                "waktu": [
                    1541243311813,
                    1541852940265,
                    1541854156803,
                    1541854233020,
                    1541854266051,
                    1541854271096,
                    1541854444483,
                    1541854489801,
                    1541854684285,
                    1541862372582,
                    1541862551823,
                    1541863082786,
                    1542113723674,
                    1542113729539,
                    1542113805809,
                    1542113858109,
                    1542113984392,
                    1542113991561,
                    1542114044925,
                    1542114051894,
                    1542128155388,
                    1542185933139,
                    1542362052676
                ]
            }
        },
        "ce1529fee475eadef18d8a4118a9276d6": {
            "u9f87c645ea045fc133bca5e795d2a1c5": {
                "msg.id": [
                    "8359723791956"
                ],
                "waktu": [
                    1533227418586
                ]
            }
        },
        "ce2786aceb137c38a58d56c6a6269afb4": {
            "u4f738fffa6cdf2d665620c6ae192e012": {
                "msg.id": [
                    "8818203963647"
                ],
                "waktu": [
                    1541396039764
                ]
            },
            "u973bf4505f956655d42c6db1a77d7e5c": {
                "msg.id": [
                    "8818197616878"
                ],
                "waktu": [
                    1541395930358
                ]
            }
        },
        "ce918cb66dc83a12572496c60ab280fb1": {
            "u142d3f5242d0ab39b8c2cc7523230a4b": {
                "msg.id": [
                    "8847475652361",
                    "8870319368882"
                ],
                "waktu": [
                    1541928119911,
                    1542346770366
                ]
            }
        },
        "cea7e83132dddb8ca62ff19937438093e": {
            "u60499274cd5cf48ebe25b46412377f15": {
                "msg.id": [
                    "8814512209202",
                    "8814549181351"
                ],
                "waktu": [
                    1541323861334,
                    1541324434473
                ]
            }
        },
        "cf288f6c9d43b9a3f41688c664f682368": {
            "u0f6ad59c483281368d41680e164943f6": {
                "msg.id": [
                    "8867333312760"
                ],
                "waktu": [
                    1542285881404
                ]
            }
        },
        "cfbed1567f6a2c12bba7e3c2a4c804a14": {
            "ub2ab57828d38f92197054880fa7c0d3f": {
                "msg.id": [
                    "8869825087043"
                ],
                "waktu": [
                    1542339219471
                ]
            },
            "ud0c1204db8ed623e1fc7728c43582403": {
                "msg.id": [
                    "8869805877642"
                ],
                "waktu": [
                    1542338954221
                ]
            },
            "ue979e7dfd4eb4be5b890989068c74276": {
                "msg.id": [
                    "8866010246469",
                    "8866237649450"
                ],
                "waktu": [
                    1542268982148,
                    1542272186114
                ]
            }
        },
        "cfff688150635598b16532fb9d47554b4": {
            "u0917287e6726d981c0cefd6f4c18f118": {
                "msg.id": [
                    "8870448591205",
                    "8871278087948"
                ],
                "waktu": [
                    1542348835145,
                    1542360525122
                ]
            },
            "ub4d829c38a9bcc4bf125fbd2a4167119": {
                "msg.id": [
                    "8870312350063"
                ],
                "waktu": [
                    1542346656174
                ]
            }
        }
    }
}