{
    "8803510587197": {
        "from": "ub2ab57828d38f92197054880fa7c0d3f",
        "text": "Checking speed",
        "time": 1541121240.718471
    },
    "8803510605533": {
        "from": "ub2ab57828d38f92197054880fa7c0d3f",
        "text": "Speed sending message took 0.3230781555175781 seconds",
        "time": 1541121240.7231164
    },
    "8803510609613": {
        "from": "u207807a19d7bc55888b2350c340029f7",
        "text": "Waiting....",
        "time": 1541121240.724562
    },
    "8803510620812": {
        "from": "u207807a19d7bc55888b2350c340029f7",
        "text": "4.38690185546875e-05",
        "time": 1541121241.044552
    },
    "8803573157077": {
        "from": "ub2ab57828d38f92197054880fa7c0d3f",
        "text": "Hello @zeroxyuuki ,\nwelcome to >",
        "time": 1541122440.2833734
    },
    "8803576277097": {
        "from": "uad8018d56d6b43acbd813b670763d519",
        "text": "bang akun gua itu limit chat",
        "time": 1541122498.7688308
    },
    "8803594520862": {
        "from": "uad8018d56d6b43acbd813b670763d519",
        "text": "apanya",
        "time": 1541122840.1707258
    },
    "8803596577062": {
        "from": "uad8018d56d6b43acbd813b670763d519",
        "text": "Tukan lu mah",
        "time": 1541122878.3194642
    },
    "8803599358919": {
        "from": "ub2ab57828d38f92197054880fa7c0d3f",
        "text": "╭───「HELP」\n├≽ Me\n├≽ Greet\n├≽ About\n├≽ Status\n├≽ Tagall\n├≽ Author\n├──「GROUP」\n├≽ Lurk\n├≽ Mimic\n├≽ Status\n│ Copyright @Myyepz\n╰───「 HELLOBOTS 」\n",
        "time": 1541122930.5796466
    },
    "8803599360100": {
        "from": "u207807a19d7bc55888b2350c340029f7",
        "text": "╭────────────────────────╮\n│               ⛒ɓ̷ℓ̷α̷ɓ̷ℓ̷α̷ ̷ɓ̷σ̷т̷⛒\n╰────────────────────────╯\n───────────⊱◈◈◈⊰──────────\n                         ⛒м̷є̷η̷υ̷⛒\n╭────────────────────────╮\n│ ≫ Cctv「on/off」\n│ ≫ Cyduk\n│ ≫ Creator\n│ ≫ Help admin\n│ ≫ Help blacklist\n│ ≫ Help bot\n│ ≫ Help creator\n│ ≫ Help setting\n│ ≫ Listbot\n│ ≫ Listadmin\n│ ≫ Status\n│──────────⊱◈◈◈⊰─────────\n│ ≫http://line.me/ti/p/~Myyepz\n╰────────────────────────╯",
        "time": 1541122930.5774982
    },
    "8803600062083": {
        "from": "uad8018d56d6b43acbd813b670763d519",
        "text": "sb apaan bang ?",
        "time": 1541122943.0115564
    },
    "8803602152056": {
        "from": "uad8018d56d6b43acbd813b670763d519",
        "text": "mauuu",
        "time": 1541122981.7265677
    },
    "8803633446846": {
        "from": "uad8018d56d6b43acbd813b670763d519",
        "text": "mana ",
        "time": 1541123558.7268903
    },
    "8803633661117": {
        "from": "uad8018d56d6b43acbd813b670763d519",
        "text": "eh login ?",
        "time": 1541123562.6031008
    },
    "8803641098546": {
        "from": "uad8018d56d6b43acbd813b670763d519",
        "text": "akunya ngapain",
        "time": 1541123698.75868
    },
    "8803648320724": {
        "from": "ub2ab57828d38f92197054880fa7c0d3f",
        "text": "╭───「Mention」\n│ 1. @zeroxyuuki\n│ 2. @zeroxyuuki\n│ 3. @zeroxyuuki\n│ 4. @zeroxyuuki\n│ 5. @zeroxyuuki\n│ 6. @zeroxyuuki\n╰───「 HelloBots 」",
        "time": 1541123830.5981665
    },
    "8803657522383": {
        "from": "uad8018d56d6b43acbd813b670763d519",
        "text": "ulang",
        "time": 1541123998.1479242
    },
    "8803659639895": {
        "from": "uad8018d56d6b43acbd813b670763d519",
        "text": "udh bang",
        "time": 1541124035.9874322
    },
    "8803659891713": {
        "from": "uad8018d56d6b43acbd813b670763d519",
        "text": "help",
        "time": 1541124040.4731193
    },
    "8803659901579": {
        "from": "u207807a19d7bc55888b2350c340029f7",
        "text": "╭────────────────────────╮\n│               ⛒ɓ̷ℓ̷α̷ɓ̷ℓ̷α̷ ̷ɓ̷σ̷т̷⛒\n╰────────────────────────╯\n───────────⊱◈◈◈⊰──────────\n                         ⛒м̷є̷η̷υ̷⛒\n╭────────────────────────╮\n│ ≫ Cctv「on/off」\n│ ≫ Cyduk\n│ ≫ Creator\n│ ≫ Help admin\n│ ≫ Help blacklist\n│ ≫ Help bot\n│ ≫ Help creator\n│ ≫ Help setting\n│ ≫ Listbot\n│ ≫ Listadmin\n│ ≫ Status\n│──────────⊱◈◈◈⊰─────────\n│ ≫http://line.me/ti/p/~Myyepz\n╰────────────────────────╯",
        "time": 1541124040.7686286
    },
    "8803659904773": {
        "from": "ub2ab57828d38f92197054880fa7c0d3f",
        "text": "╭───「HELP」\n├≽ Me\n├≽ Greet\n├≽ About\n├≽ Status\n├≽ Tagall\n├≽ Author\n├──「GROUP」\n├≽ Lurk\n├≽ Mimic\n├≽ Status\n│ Copyright @Myyepz\n╰───「 HELLOBOTS 」\n",
        "time": 1541124041.0841284
    },
    "8803659919999": {
        "from": "uad8018d56d6b43acbd813b670763d519",
        "text": "╭───「 SelfBot 」\n├ Help1\n├ Help2\n├ Help3\n├ Help4\n├ Help5\n├ Help6\n├ Help7\n├ Status\n├────────────\n├   「 Status Login 」\n├ Login : Sukses\n╰────────────",
        "time": 1541124041.088859
    },
    "8803660330706": {
        "from": "uad8018d56d6b43acbd813b670763d519",
        "text": "nah terus gimana",
        "time": 1541124048.3146446
    },
    "8803665818246": {
        "from": "uad8018d56d6b43acbd813b670763d519",
        "text": "Help6",
        "time": 1541124145.3162053
    },
    "8803665856481": {
        "from": "uad8018d56d6b43acbd813b670763d519",
        "text": "╭───「 Profile 」\n├「 Change Your Name 」\n├ ChangeName: 「Text」\n├「 Change Your Bio 」\n├ ChangeBio: 「Text」\n├「 Change Your Picture 」\n├ ChangePP\n├「 Change Your Video 」\n├ ChangeVP\n╰────────────",
        "time": 1541124145.9350042
    },
    "8803666753725": {
        "from": "uad8018d56d6b43acbd813b670763d519",
        "text": "ini tu max brpa durasi",
        "time": 1541124161.7921321
    },
    "8803674686079": {
        "from": "uad8018d56d6b43acbd813b670763d519",
        "text": "terus ke mana bang",
        "time": 1541124301.5140653
    },
    "8803687926453": {
        "from": "u207807a19d7bc55888b2350c340029f7",
        "text": "Refresh Done!",
        "time": 1541124535.2288873
    },
    "8803698090645": {
        "from": "ub2ab57828d38f92197054880fa7c0d3f",
        "text": "╭───「 About 」\n├ Type : Publik Bot\n├ Version : 3.0.8\n├ Library : linepy (Python)\n├ Creator : Zero Cool\n╰───「 Hellobots 」",
        "time": 1541124716.141315
    },
    "8803698131384": {
        "from": "u207807a19d7bc55888b2350c340029f7",
        "text": "「 Yepz Bot 」\n @x \n»» Jam : 09:11:55 Wib\n🌟 Group : 8\n»» Teman : 289\n»» Version : http://github.com/Aditmadzs/Protect4\n»» Tanggal : 2018-11-02\n»» Runtime : \n»» • 00 Hari 08 Jam 08 Menit 04 Detik",
        "time": 1541124716.1496117
    },
    "8803699061495": {
        "from": "ub2ab57828d38f92197054880fa7c0d3f",
        "text": "╭───「 About 」\n├ Type : Publik Bot\n├ Version : 3.0.8\n├ Library : linepy (Python)\n├ Creator : Zero Cool\n╰───「 Hellobots 」",
        "time": 1541124733.5193913
    },
    "8803699106335": {
        "from": "u207807a19d7bc55888b2350c340029f7",
        "text": "「 Yepz Bot 」\n @x \n»» Jam : 09:12:12 Wib\n🌟 Group : 8\n»» Teman : 289\n»» Version : http://github.com/Aditmadzs/Protect4\n»» Tanggal : 2018-11-02\n»» Runtime : \n»» • 00 Hari 08 Jam 08 Menit 22 Detik",
        "time": 1541124733.5247083
    },
    "8803699448936": {
        "from": "ub2ab57828d38f92197054880fa7c0d3f",
        "text": "Checking speed",
        "time": 1541124739.2099822
    },
    "8803699461299": {
        "from": "ub2ab57828d38f92197054880fa7c0d3f",
        "text": "Speed sending message took 0.31375741958618164 seconds",
        "time": 1541124739.2200494
    },
    "8803699462845": {
        "from": "u207807a19d7bc55888b2350c340029f7",
        "text": "Waiting....",
        "time": 1541124739.2145045
    },
    "8803699479980": {
        "from": "u207807a19d7bc55888b2350c340029f7",
        "text": "5.984306335449219e-05",
        "time": 1541124739.5167582
    },
    "8803710414633": {
        "from": "u45d678e251bc68a1628bf9d1c48acba7",
        "text": "Chitoge Kirisaki ",
        "time": 1541124933.4975555
    },
    "8803710449468": {
        "from": "ud0c1204db8ed623e1fc7728c43582403",
        "text": "Shidare Hotaru",
        "time": 1541124934.3734848
    },
    "8803712738289": {
        "from": "u207807a19d7bc55888b2350c340029f7",
        "text": "「 Pesan Dihapus 」\n• Pengirim : 􂠁􀄙Y􏿿􂠁􀄅e􏿿􂠁􀄐p􏿿􂠁􀄚z􏿿\n• Nama Grup : >\n• Waktu Ngirim : 02:15:33\n• Pesannya : Respon",
        "time": 1541124974.6837745
    },
    "8804111361168": {
        "from": "ub2ab57828d38f92197054880fa7c0d3f",
        "text": "「 Broadcast 」\n150🔥/9D \nInvited only\n\nAJ-7366-5404\n\n「 Hellobots 」",
        "time": 1541131267.9887962
    },
    "8804467541515": {
        "from": "u207807a19d7bc55888b2350c340029f7",
        "text": "Refresh Done!",
        "time": 1541137215.4836502
    },
    "8804700368338": {
        "from": "u207807a19d7bc55888b2350c340029f7",
        "text": "╭────────────────────────╮\n│               ⛒ɓ̷ℓ̷α̷ɓ̷ℓ̷α̷ ̷ɓ̷σ̷т̷⛒\n╰────────────────────────╯\n───────────⊱◈◈◈⊰──────────\n                         ⛒м̷є̷η̷υ̷⛒\n╭────────────────────────╮\n│ ≫ Cctv「on/off」\n│ ≫ Cyduk\n│ ≫ Creator\n│ ≫ Help admin\n│ ≫ Help blacklist\n│ ≫ Help bot\n│ ≫ Help creator\n│ ≫ Help setting\n│ ≫ Listbot\n│ ≫ Listadmin\n│ ≫ Status\n│──────────⊱◈◈◈⊰─────────\n│ ≫http://line.me/ti/p/~Myyepz\n╰────────────────────────╯",
        "time": 1541141162.6298988
    },
    "8804700372323": {
        "from": "ub2ab57828d38f92197054880fa7c0d3f",
        "text": "╭───「HELP」\n├≽ Me\n├≽ Greet\n├≽ About\n├≽ Status\n├≽ Tagall\n├≽ Author\n├──「GROUP」\n├≽ Lurk\n├≽ Mimic\n├≽ Status\n│ Copyright @Myyepz\n╰───「 HELLOBOTS 」\n",
        "time": 1541141162.6361089
    },
    "8804700785302": {
        "from": "u207807a19d7bc55888b2350c340029f7",
        "text": "Refresh Done!",
        "time": 1541141168.9695852
    },
    "8804913785804": {
        "from": "ub2ab57828d38f92197054880fa7c0d3f",
        "text": "Bot already running on 13 hours, 34 minutes and 21.61 seconds",
        "time": 1541144577.4804087
    },
    "8804913803073": {
        "from": "u207807a19d7bc55888b2350c340029f7",
        "text": "Aktif 00 Hari 13 Jam 39 Menit 06 Detik",
        "time": 1541144577.48785
    },
    "8804943173718": {
        "from": "uad8018d56d6b43acbd813b670763d519",
        "text": "help",
        "time": 1541145030.426649
    },
    "8804943197926": {
        "from": "u207807a19d7bc55888b2350c340029f7",
        "text": "╭────────────────────────╮\n│               ⛒ɓ̷ℓ̷α̷ɓ̷ℓ̷α̷ ̷ɓ̷σ̷т̷⛒\n╰────────────────────────╯\n───────────⊱◈◈◈⊰──────────\n                         ⛒м̷є̷η̷υ̷⛒\n╭────────────────────────╮\n│ ≫ Cctv「on/off」\n│ ≫ Cyduk\n│ ≫ Creator\n│ ≫ Help admin\n│ ≫ Help blacklist\n│ ≫ Help bot\n│ ≫ Help creator\n│ ≫ Help setting\n│ ≫ Listbot\n│ ≫ Listadmin\n│ ≫ Status\n│──────────⊱◈◈◈⊰─────────\n│ ≫http://line.me/ti/p/~Myyepz\n╰────────────────────────╯",
        "time": 1541145030.7609713
    },
    "8804943201432": {
        "from": "ub2ab57828d38f92197054880fa7c0d3f",
        "text": "╭───「HELP」\n├≽ Me\n├≽ Greet\n├≽ About\n├≽ Status\n├≽ Tagall\n├≽ Author\n├──「GROUP」\n├≽ Lurk\n├≽ Mimic\n├≽ Status\n│ Copyright @Myyepz\n╰───「 HELLOBOTS 」\n",
        "time": 1541145031.0526512
    },
    "8804943216284": {
        "from": "uad8018d56d6b43acbd813b670763d519",
        "text": "╭───「 SelfBot 」\n├ Help1\n├ Help2\n├ Help3\n├ Help4\n├ Help5\n├ Help6\n├ Help7\n├ Status\n├────────────\n├   「 Status Login 」\n├ Login : Sukses\n╰────────────",
        "time": 1541145031.056434
    },
    "8804943425816": {
        "from": "uad8018d56d6b43acbd813b670763d519",
        "text": "akrip",
        "time": 1541145034.2157319
    },
    "8804943511602": {
        "from": "uad8018d56d6b43acbd813b670763d519",
        "text": "akitp",
        "time": 1541145035.8104057
    },
    "8804943647992": {
        "from": "uad8018d56d6b43acbd813b670763d519",
        "text": "aktip",
        "time": 1541145037.6568053
    },
    "8806244815007": {
        "from": "uad8018d56d6b43acbd813b670763d519",
        "text": "bang ko delak",
        "time": 1541161394.9107318
    },
    "8807251539770": {
        "from": "ub2ab57828d38f92197054880fa7c0d3f",
        "text": "╭───「HELP」\n├≽ Me\n├≽ Greet\n├≽ About\n├≽ Status\n├≽ Tagall\n├≽ Author\n├──「GROUP」\n├≽ Lurk\n├≽ Mimic\n├≽ Status\n│ Copyright @Myyepz\n╰───「 HELLOBOTS 」\n",
        "time": 1541173964.6042542
    },
    "8807293138541": {
        "from": "ub2ab57828d38f92197054880fa7c0d3f",
        "text": "╭───「 Group List 」\n├ List:\n│ 1. ACE OF SWORDS//17\n│ 2. staff bcdfams//9\n│ 3. #тeαмɢιвαh CEK NOTE//33\n│ 4. 🌠『Ĝαʟα¢τı¢ នϙᴜαᴅ』🌠//33\n│ 5. Dʀ.Daʀќovia [CHAT]//35\n│ 6. [3] ERROR >>//50\n│ 7. ♀️Qυєcкsiℓвєr♀️ OPMEM//3\n│ 8. opmem •ωizaя∂ Sqυa∂•//45\n│ 9. KidsJamanNowFams//37\n│ 10. ❥Hiræth//6\n│ 11. [°CCG✓]//19\n│ 12. DESIME ALASKA//13\n│ 13. ஞ ᴜᴄᴜʟғᴀᴍs ஞ//37\n│ 14. family solid team pea(STP)//15\n│ 15. [ß] blackfams [INTI]//23\n│ 16. ♛Gʟօʀʏʍ๏รe//35\n│ 17. >//5\n│ 18. IB🏛 SUMBAR//65\n│ 19. Struktur꧁ĐαякиєѕѕSqυα∂꧂//12\n│ 20. !CEK NOTE  1x24Jam - ᴅɪɴᴢʏɪᴇ ᴄᴏʀᴘ 🐺 [Mode Reborn]//15\n│ 21. IB🏛JAKARTA//189\n│ 22. PRO★STAR E-SPORT//28\n│ 23. !!!Thë LëGíüñ'§//17\n│ 24. 『мσc』мαкєя σƒ cнασѕ//4\n│ 25. Dance//13\n│ 26. blekkom//6\n│ 27. X IPS UNGGULAN//35\n│ 28. #тeαмɢιвαh//72\n│ 29. Proud Of Bandung//93\n│ 30. ᴏʟʏᴍᴘɪᴀɴꜱ⚜//62\n│ 31. OPMEM ᴅᴢ. (CLOSED)//14\n│ 32. Alpha Luna【ÅĽ】//83\n│ 33. LampungFams//43\n│ 34. TEAM 18++//8\n│ 35. IB🏛LAMPUNG//57\n│ 36. ⌜ᱵ⌟яєѵσłυтıση⊰⋅inti⋅⊱//91\n│ 37. тєαм вℓαвℓα вσт//31\n│ 38. PENGURUS IB🏛GORONTALO//12\n│ 39. ßɨßɨҜuƒαм//36\n│ 40. REGION~SULAWESI//150\n│ 41. 🌙เηšσmηเα//55\n│ 42. IB🏛BENGKULU//31\n│ 43. ⌯ ɴᴏɪʀ ᴇᴛ ʙʟᴀɴᴄ ⌯//15\n│ 44. Ferly//1\n│ 45. IB🏛JATIM//59\n│ 46. REGION-PAPUA//70\n│ 47. IB🏛SULTENG//61\n│ 48. KONG TEAM FREEFIRE//10\n│ 49. IB🏛️DIY//26\n│ 50. ☬єτєʀทαℓ ༺ INTI ༻//43\n│ 51. [℘б]℘rince бuardian//104\n│ 52. 「₠」ᴄʀɪᴍᴇ//36\n│ 53. ❲Gβ❳ G∑ηGβ∑ηG $QüåD//31\n│ 54. Ruang Kosong Sekali//26\n│ 55. ➹Mÿřöńë [INTI]//80\n│ 56. 『៛₭』₭ɩ๓ơċђɩ//50\n│ 57. [Rᴼs℮]line Play//10\n│ 58. iNCT Squad//36\n│ 59. 「 Mʏcro」//52\n│ 60. ╰βҜ╮вιĸιnιĸleв//45\n│ 61. [ Ʀₑ‘ ] BACA NOTE//75\n│ 62. {Й∫}หgคнคหjคყ ƒคмร//7\n│ 63. ≋ L O N T E sucih//43\n│ 64. Lia Lahir hari ini 😂😂//38\n│ 65. [キラ] šhïηïgαmï//49\n│ 66. IB🏛JAMBI//22\n│ 67. ★S̶̲̥̅̊αιηт ђανєη★//4\n│ 68. IB🏛SULUT//49\n│ 69. Ruang Kosong//45\n│ 70. ❌ANCH FAMS❌//29\n│ 71. ♀️Qυєcкsiℓвєr♀️//41\n│ 72. shiba inu//13\n│ 73. [🔞] EIGHTEEN FAMS//27\n│ 74. LP Sulut//25\n│ 75. ⊛ O²B [ OUT OR BAN ]//50\n│ 76. Green Leaf//56\n│ 77. 彡ᴍᴀᴊᴏʀ//112\n│ 78. ｢Ž｣εύς [ INTI ]//25\n│ 79. ῳıŋɠʂ ɬıŋƙɛཞ  ( ῳɬ )//34\n│ 80. ʍw | ʍѧɢıċ woяʟᴅ ( INTI )//46\n│ 81. vvip βαη∂αr¢0ndom🔞//15\n│ 82. #ᎢᎾᎠᎾᏚfαϻs [INTI] //28\n│ 83. ❖【鬼】ᴼᴺᴵᴮᴼᵀ™チーム❖//9\n│ 84. 〘β〙#bcdfams//45\n│ 85. !! SVR BASECAMP//13\n│ 86. Staff ᴅɪɴᴢʏɪᴇ ᴄᴏʀᴘ 🐺//9\n│ 87. HBD GITAQ🎉❣//43\n│ 88. [℘б] OPMEM ℘rince бuardian //17\n│ 89. IB🏛GORONTALO \n│ //78\n│ 90. Line Play GRESIK♕//19\n│ 91. 千ㄩﾌㄖ丂卄丨ㅇ [丂卄丨]//53\n│ 92. ℃ƺ ϐℓιτϲн.Ꮠαмѕ//47\n│ 93. IB 🏛SUL-SEL//31\n│ 94. 『ɓɠ』ϐαиgѕατ ѕգυα∂//49\n│ 95. ROOM UJI COBA//15\n│ 96. Tesspeed//4\n│ 97. Staff [pisha]clan//19\n├ Usage : \n│ • GroupList\n│ • GroupList Leave <num/name/all>\n╰───「 Hellobots 」",
        "time": 1541174776.9645627
    },
    "8807300391778": {
        "from": "uad8018d56d6b43acbd813b670763d519",
        "text": "Queentypo600@gmail.com",
        "time": 1541174927.2320664
    },
    "8807300857994": {
        "from": "uad8018d56d6b43acbd813b670763d519",
        "text": "putri600.",
        "time": 1541174936.8780968
    },
    "8809417546790": {
        "from": "u8f887f6c6a14f2a57b4ce67f1eca8e4f",
        "text": "Help6",
        "time": 1541226713.3795044
    },
    "8809417582477": {
        "from": "u8f887f6c6a14f2a57b4ce67f1eca8e4f",
        "text": "╭───「 Profile 」\n├「 Change Your Name 」\n├ ChangeName: 「Text」\n├「 Change Your Bio 」\n├ ChangeBio: 「Text」\n├「 Change Your Picture 」\n├ ChangePP\n├「 Change Your Video 」\n├ ChangeVP\n╰────────────",
        "time": 1541226713.987043
    },
    "8809418450616": {
        "from": "u8f887f6c6a14f2a57b4ce67f1eca8e4f",
        "text": "Change name",
        "time": 1541226729.0762062
    },
    "8809423967754": {
        "from": "u8f887f6c6a14f2a57b4ce67f1eca8e4f",
        "text": "Changename: Ķimi",
        "time": 1541226827.2949278
    },
    "8809424213881": {
        "from": "u8f887f6c6a14f2a57b4ce67f1eca8e4f",
        "text": "「CHANGE NAME」\nBerhasil mengubah nama menjadi : Ķimi",
        "time": 1541226828.1682036
    },
    "8809427259772": {
        "from": "u8f887f6c6a14f2a57b4ce67f1eca8e4f",
        "text": "Changename: Ķ",
        "time": 1541226880.6341577
    },
    "8809427311657": {
        "from": "u8f887f6c6a14f2a57b4ce67f1eca8e4f",
        "text": "「CHANGE NAME」\nBerhasil mengubah nama menjadi : Ķ",
        "time": 1541226881.515123
    },
    "8809428236181": {
        "from": "u8f887f6c6a14f2a57b4ce67f1eca8e4f",
        "text": "Hadoh mati lagi",
        "time": 1541226897.4316947
    },
    "8809429609794": {
        "from": "u8f887f6c6a14f2a57b4ce67f1eca8e4f",
        "text": "Maap",
        "time": 1541226921.061886
    },
    "8809432812107": {
        "from": "u8f887f6c6a14f2a57b4ce67f1eca8e4f",
        "text": "Changename: Ķimi􀌂􀆬bunga􏿿",
        "time": 1541226976.53915
    },
    "8809432860458": {
        "from": "u8f887f6c6a14f2a57b4ce67f1eca8e4f",
        "text": "「CHANGE NAME」\nBerhasil mengubah nama menjadi : Ķimi􀌂􀆬bunga􏿿",
        "time": 1541226977.4124653
    },
    "8809436081937": {
        "from": "u8f887f6c6a14f2a57b4ce67f1eca8e4f",
        "text": "Ķimi􀌂􀆬bunga􏿿",
        "time": 1541227033.2029917
    },
    "8809439135820": {
        "from": "u8f887f6c6a14f2a57b4ce67f1eca8e4f",
        "text": "Ķimi@@@@@",
        "time": 1541227086.1685631
    },
    "8809449318328": {
        "from": "u8f887f6c6a14f2a57b4ce67f1eca8e4f",
        "text": "Changename: Ķimi􀌂􀄌anjing􏿿",
        "time": 1541227261.9623818
    },
    "8809449373201": {
        "from": "u8f887f6c6a14f2a57b4ce67f1eca8e4f",
        "text": "「CHANGE NAME」\nBerhasil mengubah nama menjadi : Ķimi􀌂􀄌anjing􏿿",
        "time": 1541227262.859368
    },
    "8809456049741": {
        "from": "u8f887f6c6a14f2a57b4ce67f1eca8e4f",
        "text": "Changename: Ķimi 􀌂􀄆kucing􏿿􀌂􀄃kucing􏿿",
        "time": 1541227378.264022
    },
    "8809457231047": {
        "from": "u8f887f6c6a14f2a57b4ce67f1eca8e4f",
        "text": "Changename: Ķimi 􀌂􀄆kucing􏿿",
        "time": 1541227398.5849092
    },
    "8809457285941": {
        "from": "u8f887f6c6a14f2a57b4ce67f1eca8e4f",
        "text": "「CHANGE NAME」\nBerhasil mengubah nama menjadi : Ķimi 􀌂􀄆kucing􏿿",
        "time": 1541227399.4858723
    },
    "8809473608062": {
        "from": "u8f887f6c6a14f2a57b4ce67f1eca8e4f",
        "text": "Changename: ᅌҡเɱเ↝",
        "time": 1541227680.4733403
    },
    "8809473661269": {
        "from": "u8f887f6c6a14f2a57b4ce67f1eca8e4f",
        "text": "「CHANGE NAME」\nBerhasil mengubah nama menjadi : ᅌҡเɱเ↝",
        "time": 1541227681.3811262
    },
    "8809488961474": {
        "from": "u8f887f6c6a14f2a57b4ce67f1eca8e4f",
        "text": "Changename: ᅌҡเɱเ↝􀌂􀄆cat interested􏿿",
        "time": 1541227944.9594064
    },
    "8809490897574": {
        "from": "u8f887f6c6a14f2a57b4ce67f1eca8e4f",
        "text": "Changename: ҡเɱเ↝􀌂􀄆cat interested􏿿",
        "time": 1541227978.2437315
    },
    "8809491754875": {
        "from": "u8f887f6c6a14f2a57b4ce67f1eca8e4f",
        "text": "Me",
        "time": 1541227993.0256283
    },
    "8809491773667": {
        "from": "u8f887f6c6a14f2a57b4ce67f1eca8e4f",
        "text": "「ME」\n@zeroxyuuki ",
        "time": 1541227993.3490305
    },
    "8809492550130": {
        "from": "u8f887f6c6a14f2a57b4ce67f1eca8e4f",
        "text": "Changename: ᅌҡเɱเ􀌂􀄆cat interested􏿿",
        "time": 1541228006.7232769
    },
    "8809493248974": {
        "from": "u8f887f6c6a14f2a57b4ce67f1eca8e4f",
        "text": "Changename: ҡเɱเ􀌂􀄆cat interested􏿿",
        "time": 1541228018.735858
    },
    "8809513205989": {
        "from": "u8f887f6c6a14f2a57b4ce67f1eca8e4f",
        "text": "Changename: 􀌂􀄆cat interested􏿿ҡเɱเ",
        "time": 1541228360.1931815
    },
    "8809519651648": {
        "from": "u8f887f6c6a14f2a57b4ce67f1eca8e4f",
        "text": "Changename: ҡเɱเ",
        "time": 1541228469.8082287
    },
    "8809519708520": {
        "from": "u8f887f6c6a14f2a57b4ce67f1eca8e4f",
        "text": "「CHANGE NAME」\nBerhasil mengubah nama menjadi : ҡเɱเ",
        "time": 1541228470.7337766
    }
}